{
  "Era": "Edo",
  "Place": "Village",
  "Player": [ 1, 2 ],
  "Floor": [
	"+++++           ",
	"   +            ",
	"   +            ",
	"   +   +++++++++",
	"         +++++++",
	"          ++++++",
	"+         ++++++",
	"+        +++++++",
	"+       ++++++++",
	"++     +++++++++"
  ],
  "Wall": [
	"+22+388888888889",
	"4  H           6",
	"4  H   222222223",
	"4  U  6+++++++++",
	"4  9   89+++++++",
	"4   U    9++++++",
	"9         4+++++",
	"6        7++++++",
	"6       7+++++++",
	"+9222227++++++++"
  ],
  "Bumper": [

  ],
  "Spike": [

  ],
  "Shooter": [

  ],
  "Hot": [

  ],
  "Character": [
	[
	  2,
	  [
		1,
		[

		]
	  ]
	],
	[
	  3,
	  [
		1,
		[
		  "+++++           ",
		  "   +           3",
		  "   +            ",
		  "   +  3+++++++++",
		  "         +++++++",
		  "          ++++++",
		  "+   2     ++++++",
		  "+        +++++++",
		  "+       ++++++++",
		  "++     +++++++++"
		]
	  ]
	],
	[
	  4,
	  [
		1,
		[

		]
	  ]
	]
  ]
}
