{
  "Era": "Edo",
  "Place": "Village",
  "Player": [ 1, 1 ],
  "Floor": [
	"++        ++      ++",
	"           ++      +",
	"           ++     ++",
	"+++          +     +",
	"+++          +     +",
	"+++       ++++     +",
	"+++       +        +",
	"+++    ++++       ++",
	"      +++           ",
	"    +++             ",
	"  ++     +++++++++++",
	"        ++++++++++++",
	"      ++++++++++++++",
	"     +++++++++++++++"
  ],
  "Wall": [
	"++78888889++C88889++",
	"78        9++4    D+",
	"122 2222226++1   6++",
	"+++H       88M    6+",
	"+++H         H    6+",
	"+++H      7==3    6+",
	"+++H      H       3+",
	"+++4   78=3      6++",
	"788   723         89",
	"4   C=3  22222222223",
	"4 CD    3+++++++++++",
	"46    23++++++++++++",
	"4    3++++++++++++++",
	"12223+++++++++++++++"
  ],
  "Bumper": [

  ],
  "Spike": [

  ],
  "Shooter": [

  ],
  "Hot": [

  ],
  "Character": [
	[
	  2,
	  [
		1,
		[

		]
	  ]
	],
	[
	  3,
	  [
		1,
		[
		  "++        ++      ++",
		  "           ++     2+",
		  "           ++     ++",
		  "+++          +     +",
		  "+++          +     +",
		  "+++       ++++     +",
		  "+++       +        +",
		  "+++   2++++       ++",
		  "      +++          2",
		  "    +++             ",
		  "  ++     +++++++++++",
		  "        ++++++++++++",
		  "      ++++++++++++++",
		  "     +++++++++++++++"
		]
	  ]
	],
	[
	  4,
	  [
		1,
		[

		]
	  ]
	]
  ]
}
