{
  "Era": "Edo",
  "Place": "Secret_Passage",
  "Player": [ 1, 3 ],
  "Floor": [
	"      +   +       ",
	"                  ",
	"                  ",
	"                  ",
	"+++++         ++++",
	"+++++++     ++++++"
  ],
  "Wall": [
	"788889+789+C888889",
	"4     C   D      6",
	"4      9  6      6",
	"12222         2223",
	"+++++12     23++++",
	"+++++++12223++++++"
  ],
  "Bumper": [

  ],
  "Spike": [

  ],
  "Shooter": [

  ],
  "Hot": [

  ],
  "Character": [
	[
	  2,
	  [
		1,
		[
		  "      +  2+       ",
		  "                  ",
		  "                  ",
		  "                  ",
		  "+++++         ++++",
		  "+++++++     ++++++"
		]
	  ]
	],
	[
	  3,
	  [
		1,
		[
		  "      +   +2      ",
		  "          2       ",
		  "                  ",
		  "                  ",
		  "+++++         ++++",
		  "+++++++     ++++++"
		]
	  ]
	],
	[
	  4,
	  [
		1,
		[

		]
	  ]
	]
  ]
}
