{
  "Era": "Edo",
  "Place": "Castle",
  "Player": [ 12, 4 ],
  "Floor": [
	"+++++++   +++++++",
	"+               +",
	"+               +",
	"+               +",
	"+               +",
	"+               +",
	"+               +",
	"                 ",
	"                 ",
	"                 ",
	"+               +",
	"+               +",
	"+               +",
	"+               +",
	"+               +",
	"+               +",
	"+++++++   +++++++"
  ],
  "Wall": [
	"+++++++789+++++++",
	"+7=====   =888=9+",
	"+H     4 6     H+",
	"+H  2    6     6+",
	"+H       6 4   6+",
	"+H       6     6+",
	"+H     4 6     H+",
	"7 8   8   88888 9",
	"4               6",
	"1 22222   2   2 3",
	"+H     4 6     H+",
	"+4     4       H+",
	"+4     4     6 H+",
	"+4     4       H+",
	"+H     4 6     H+",
	"+1=222=   =====3+",
	"+++++++123+++++++"
  ],
  "Bumper": [

  ],
  "Spike": [

  ],
  "Shooter": [

  ],
  "Hot": [

  ],
  "Character": [
	[
	  2,
	  [
		1,
		[
		  "+++++++  2+++++++",
		  "+               +",
		  "+               +",
		  "+               +",
		  "+               +",
		  "+               +",
		  "+               +",
		  "2                ",
		  "                 ",
		  "                2",
		  "+               +",
		  "+               +",
		  "+               +",
		  "+               +",
		  "+               +",
		  "+               +",
		  "+++++++2  +++++++"
		]
	  ]
	],
	[
	  3,
	  [
		1,
		[
		  "+++++++   +++++++",
		  "+               +",
		  "+               +",
		  "+               +",
		  "+   3       3   +",
		  "+               +",
		  "+               +",
		  "                 ",
		  "                 ",
		  "                 ",
		  "+               +",
		  "+               +",
		  "+           3   +",
		  "+               +",
		  "+               +",
		  "+               +",
		  "+++++++   +++++++"
		]
	  ]
	],
	[
	  4,
	  [
		1,
		[

		]
	  ]
	]
  ]
}
