{
  "Era": "Edo",
  "Place": "Castle",
  "Player": [ 1, 8 ],
  "Floor": [
	"+++++       +++++",
	"+++++       +++++",
	"                 ",
	"                 ",
	"                 ",
	"                 ",
	"                 ",
	"                 ",
	"                 ",
	"                 ",
	"                 ",
	"                 ",
	"                 ",
	"                 ",
	"                 ",
	"                 ",
	"                 ",
	"                 ",
	"                 "
  ],
  "Wall": [
	"+++++7888889+++++",
	"+++++4     6+++++",
	"78888222222288889",
	"4               6",
	"4 7==8     8==9 6",
	"4 H           H 6",
	"4 H 7       9 H 6",
	"H 4           6 H",
	"H               H",
	"H               H",
	"H               H",
	"H               H",
	"H               H",
	"H 4           6 H",
	"4 H 1       3 H 6",
	"4 H           H 6",
	"4 1==2     2==3 6", 
	"4               6",
	"42222=======22223"
  ],
  "Bumper": [

  ],
  "Spike": [

  ],
  "Shooter": [

  ],
  "Hot": [

  ],
  "Character": [
	[
	  2,
	  [
		1,
		[
		  "+++++       +++++",
		  "+++++       +++++",
		  "                 ",
		  "                 ",
		  "              2  ",
		  "   2             ",
		  "                 ",
		  "                 ",
		  "                 ",
		  "                 ",
		  "                 ",
		  "                 ",
		  "                 ",
		  "                 ",
		  "                 ",
		  "             2   ",
		  "  2              ",
		  "                 ",
		  "                 "
		]
	  ]
	],
	[
	  3,
	  [
		1,
		[
		  "+++++       +++++",
		  "+++++       +++++",
		  "                 ",
		  "                 ",
		  "  2              ",
		  "             2   ",
		  "                 ",
		  "                 ",
		  "                 ",
		  "                 ",
		  "                 ",
		  "                 ",
		  "                 ",
		  "                 ",
		  "                 ",
		  "   2             ",
		  "              2  ",
		  "                 ",
		  "                 "
		]
	  ]
	],
	[
	  4,
	  [
		1,
		[
		  "+++++       +++++",
		  "+++++       +++++",
		  "                 ",
		  "                 ",
		  "                 ",
		  "                 ",
		  "                 ",
		  "                 ",
		  "                 ",
		  "                 ",
		  "        3        ",
		  "                 ",
		  "                 ",
		  "                 ",
		  "                 ",
		  "                 ",
		  "                 ",
		  "                 ",
		  "                 "
		]
	  ]
	]
  ]
}
