{
  "Era": "Present",
  "Place": "Castle",
  "Player": [ 1, 1 ],
  "Floor": [
	"   ++        +",
	"   +          ",
	"   +          ",
	"              ",
	"              ",
	"              ",
	"+  +          ",
	"+  +          ",
	"+             ",
	"+            +"
  ],
  "Wall": [
	"78843888888881",
	"4  H         6",
	"4  U         6",
	"4   4        6",
	"4   4        6",
	"4   4        6",
	"9  H         6",
	"6  U         6",
	"6            6",
	"62223222222227"
  ],
  "Bumper": [

  ],
  "Spike": [

  ],
  "Shooter": [
	"   ++      1 +",
	"   +          ",
	"   +4         ",
	"              ",
	"              ",
	"              ",
	"+  +          ",
	"+  +         2",
	"+             ",
	"+     3      +"
  ],
  "Hot": [

  ],
  "Character": [
	[
	  2,
	  [
		1,
		[

		]
	  ]
	],
	[
	  3,
	  [
		1,
		[
		  "   ++  2     +",
		  "   +          ",
		  "   +          ",
		  "             2",
		  "              ",
		  "              ",
		  "+  +2         ",
		  "+  +          ",
		  "+             ",
		  "+         2  +"
		]
	  ]
	],
	[
	  4,
	  [
		1,
		[

		]
	  ]
	]
  ]
}
