{
  "Era": "Present",
  "Place": "Castle",
  "Player": [ 15, 2 ],
  "Floor": [
	"++++         ++++++++++++",
	"                 ++++++++",
	"                 ++++++++",
	"                 ++++++++",
	"                  +++++++",
	"                  +++++++",
	"                  +++++++",
	"                  +++++++",
	"                         ",
	"                         ",
	"                         ",
	"                         ",
	"                         ",
	"++++++++++++++++++       ",
	"++++++++++++++++++       "
  ],
  "Wall": [
	"++++788888889++++++++++++",
	"7888         9889++++++++",
	"4               6++++++++",
	"4  2 2222222 3223++++++++",
	"4                9+++++++",
	"4                6+++++++",
	"122222222222 22  6+++++++",
	"4                6+++++++",
	"4                68888889",
	"4    222 222 22223      6",
	"4                       6",
	"4                6      6",
	"122222222222222222      6",
	"++++++++++++++++++4     6",
	"++++++++++++++++++1222223"
  ],
  "Bumper": [

  ],
  "Spike": [

  ],
  "Shooter": [
	"++++1   1   1++++++++++++",
	"                 ++++++++",
	"                 ++++++++",
	"                 ++++++++",
	"                  +++++++",
	"                  +++++++",
	"                  +++++++",
	"                  +++++++",
	"4                    1   ",
	"                         ",
	"                         ",
	"4                       2",
	"        3                ",
	"++++++++++++++++++       ",
	"++++++++++++++++++       "
  ],
  "Hot": [

  ],
  "Character": [
	[
	  2,
	  [
		1,
		[

		]
	  ]
	],
	[
	  3,
	  [
		1,
		[
		  "++++         ++++++++++++",
		  "                 ++++++++",
		  "                 ++++++++",
		  "                 ++++++++",
		  "                  +++++++",
		  "        3         +++++++",
		  "                  +++++++",
		  "                  +++++++",
		  "                  2      ",
		  "                         ",
		  "                         ",
		  "                         ",
		  "                         ",
		  "++++++++++++++++++       ",
		  "++++++++++++++++++      2"
		]
	  ]
	],
	[
	  4,
	  [
		1,
		[

		]
	  ]
	]
  ]
}
