{
  "Era": "Edo",
  "Place": "Dojo",
  "Player": [ 1, 2 ],
  "Floor": [
	"+++     ",
	"        ",
	"        ",
	"        ",
	"+++     "
  ],
  "Wall": [
	"   78889",
	"788    6",
	"4   4  6",
	"122    6",
	"   12223"
  ],
  "Bumper": [

  ],
  "Spike": [

  ],
  "Shooter": [

  ],
  "Hot": [

  ],
  "Character": [
	[
	  2,
	  [
		1,
		[
			
		]
	  ]
	],
	[
	  3,
	  [
		1,
		[
		  "+++     ",
		  "        ",
		  "     3  ",
		  "        ",
		  "+++     "
		]
	  ]
	],
	[
	  4,
	  [
		1,
		[

		]
	  ]
	]
  ]
}
