{
  "Era": "Edo",
  "Place": "Dojo",
  "Player": [ 1, 2 ],
  "Floor": [
	"+++     +++",
	"           ",
	"           ",
	"           ",
	"+++     +++"
  ],
  "Wall": [
	"   78M89   ",
	"788     889",
	"4         6",
	"122     223",
	"   12U23   "
  ],
  "Bumper": [

  ],
  "Spike": [

  ],
  "Shooter": [

  ],
  "Hot": [

  ],
  "Character": [
	[
	  2,
	  [
		1,
		[
		  "+++  2  +++",
		  "           ",
		  "           ",
		  "           ",
		  "+++     +++"
		]
	  ]
	],
	[
	  3,
	  [
		1,
		[
		  "+++     +++",
		  "           ",
		  "         1 ",
		  "           ",
		  "+++     +++"
		]
	  ]
	],
	[
	  4,
	  [
		1,
		[

		]
	  ]
	]
  ]
}
