{
  "Era": "Edo",
  "Place": "Dojo",
  "Player": [ 21, 3 ],
  "Floor": [
	"++++++   +++  +++++++++",
	"++++++   +++      +++++",
	"        ++             ",
	"        +     +        ",
	"           +           ",
	"++++++   + ++++    ++++",
	"++++++   + ++++++++++++"
  ],
  "Wall": [
	"++++++789+++79+++++++++",
	"++++++4 3+++4 8889+++++",
	"788888 6++78  2   88889",
	"4      6+7 2 6+4      6",
	"122222  826+12=    2223",
	"++++++4 6+H++++12223++++",
	"++++++123+U++++++++++++"
  ],
  "Bumper": [

  ],
  "Spike": [

  ],
  "Shooter": [
	"++++++   +++1 +++++++++",
	"++++++   +++      +++++",
	"        ++             ",
	"        +     +        ",
	"           +           ",
	"++++++   + ++++    ++++",
	"++++++   +3++++++++++++"
  ],
  "Hot": [

  ],
  "Character": [
	[
	  2,
	  [
		1,
		[

		]
	  ]
	],
	[
	  3,
	  [
		1,
		[
		  "++++++   +++  +++++++++",
		  "++++++   +++      +++++",
		  "        ++             ",
		  " 3      +     +        ",
		  "           +           ",
		  "++++++   + ++++    ++++",
		  "++++++   + ++++++++++++"
		]
	  ]
	],
	[
	  4,
	  [
		1,
		[

		]
	  ]
	]
  ]
}
